{"cameraMode":{"drawMode":0,"name":"Shaded","section":"Shading Mode"},"sceneLighting":true,"audioPlay":false,"sceneViewState":{"showFog":true,"showMaterialUpdate":false,"showSkybox":true,"showFlares":true,"showImageEffects":true,"showParticleSystems":true},"in2DMode":false,"pivot":{"x":0.06398171186447144,"y":-0.08272387087345123,"z":0.07831448316574097},"rotation":{"x":0.18386723101139069,"y":0.08891959488391876,"z":0.016703598201274873,"w":-0.9787784218788147},"size":6.1578850746154789,"orthographic":false}